,yuv,framenos,content,ref
0,HNNA-102_res1080_mu1200_sigma100_rate1218_aqOn.yuv,190,HNNA-102,HNNA-102_res2160_mu100000_sigma0_rate100000_aqOn.yuv
1,CHMA-101_res720_mu1500_sigma300_rate1826_aqOn.yuv,190,CHMA-101,CHMA-101_res2160_mu100000_sigma0_rate100000_aqOn.yuv
2,HNNA-102_res1080_mu5400_sigma300_rate5218_aqOn.yuv,190,HNNA-102,HNNA-102_res2160_mu100000_sigma0_rate100000_aqOn.yuv
3,CHMA-313-2_res1080_mu1200_sigma100_rate954_aqOn.yuv,198,CHMA-313-2,CHMA-313-2_res2160_mu100000_sigma0_rate100000_aqOn.yuv
4,BTFB-01h05m40s_res1080_mu5400_sigma300_rate5202_aqOn.yuv,190,BTFB-01h05m40s,BTFB-01h05m40s_res2160_mu100000_sigma0_rate100000_aqOn.yuv
5,BTFB-01h05m40s_res600_mu800_sigma50_rate779_aqOff.yuv,190,BTFB-01h05m40s,BTFB-01h05m40s_res2160_mu100000_sigma0_rate100000_aqOn.yuv
6,BASN-00h37m18s_res720_mu1500_sigma100_rate1598_aqOn.yuv,190,BASN-00h37m18s,BASN-00h37m18s_res2160_mu100000_sigma0_rate100000_aqOn.yuv
7,HERO-00h02m40s_res2160_mu1000_sigma100_rate964_aqOn.yuv,189,HERO-00h02m40s,HERO-00h02m40s_res2160_mu100000_sigma0_rate100000_aqOn.yuv
8,HNNA-102_res2160_mu1000_sigma100_rate941_aqOn.yuv,190,HNNA-102,HNNA-102_res2160_mu100000_sigma0_rate100000_aqOn.yuv
9,CHEM_res720_mu1500_sigma300_rate1833_aqOn.yuv,190,CHEM,CHEM_res2160_mu100000_sigma0_rate100000_aqOn.yuv
10,BTFB-01h41m55s_res720_mu1500_sigma100_rate1409_aqOff.yuv,190,BTFB-01h41m55s,BTFB-01h41m55s_res2160_mu100000_sigma0_rate100000_aqOn.yuv
11,CARE-2_res1080_mu1200_sigma100_rate1214_aqOn.yuv,189,CARE-2,CARE-2_res2160_mu100000_sigma0_rate100000_aqOn.yuv
12,BTFB-01h05m40s_res2160_mu100000_sigma0_rate100000_aqOn.yuv,189,BTFB-01h05m40s,BTFB-01h05m40s_res2160_mu100000_sigma0_rate100000_aqOn.yuv
13,EXPA-510-1_res600_mu800_sigma200_rate807_aqOn.yuv,190,EXPA-510-1,EXPA-510-1_res2160_mu100000_sigma0_rate100000_aqOn.yuv
14,HERO-00h02m40s_res1080_mu1200_sigma100_rate1179_aqOn.yuv,189,HERO-00h02m40s,HERO-00h02m40s_res2160_mu100000_sigma0_rate100000_aqOn.yuv
15,JKRY-108_res2160_mu1000_sigma100_rate842_aqOn.yuv,190,JKRY-108,JKRY-108_res2160_mu100000_sigma0_rate100000_aqOn.yuv
16,BTFB-01h12m33s_res600_mu800_sigma50_rate703_aqOn.yuv,191,BTFB-01h12m33s,BTFB-01h12m33s_res2160_mu100000_sigma0_rate100000_aqOn.yuv
17,MOLV-102_res600_mu800_sigma200_rate799_aqOn.yuv,190,MOLV-102,MOLV-102_res2160_mu100000_sigma0_rate100000_aqOn.yuv
18,MSPY-2_res2160_mu3000_sigma300_rate3233_aqOn.yuv,189,MSPY-2,MSPY-2_res2160_mu100000_sigma0_rate100000_aqOn.yuv
19,CHMA-302_res720_mu1500_sigma300_rate1113_aqOn.yuv,198,CHMA-302,CHMA-302_res2160_mu100000_sigma0_rate100000_aqOn.yuv
20,HZLN_res1080_mu5400_sigma300_rate5291_aqOn.yuv,190,HZLN,HZLN_res2160_mu100000_sigma0_rate100000_aqOn.yuv
21,THBY-103_res600_mu800_sigma200_rate704_aqOn.yuv,190,THBY-103,THBY-103_res2160_mu100000_sigma0_rate100000_aqOn.yuv
22,BTFB-01h05m40s_res2160_mu3000_sigma300_rate3123_aqOn.yuv,189,BTFB-01h05m40s,BTFB-01h05m40s_res2160_mu100000_sigma0_rate100000_aqOn.yuv
23,HNNA-202_res2160_mu11200_sigma300_rate11106_aqOn.yuv,190,HNNA-202,HNNA-202_res2160_mu100000_sigma0_rate100000_aqOn.yuv
24,AERO-00h13m10s_res600_mu800_sigma50_rate766_aqOff.yuv,189,AERO-00h13m10s,AERO-00h13m10s_res2160_mu100000_sigma0_rate100000_aqOn.yuv
25,CMDY-101-00h10m21s_res2160_mu100000_sigma0_rate100000_aqOn.yuv,166,CMDY-101-00h10m21s,CMDY-101-00h10m21s_res2160_mu100000_sigma0_rate100000_aqOn.yuv
26,HZLN_res2160_mu3000_sigma300_rate3623_aqOn.yuv,190,HZLN,HZLN_res2160_mu100000_sigma0_rate100000_aqOn.yuv
27,HERO-00h02m40s_res1080_mu1200_sigma100_rate1179_aqOff.yuv,189,HERO-00h02m40s,HERO-00h02m40s_res2160_mu100000_sigma0_rate100000_aqOn.yuv
28,HERO-00h01m57s_res1080_mu500_sigma100_rate440_aqOn.yuv,178,HERO-00h01m57s,HERO-00h01m57s_res2160_mu100000_sigma0_rate100000_aqOn.yuv
29,HERO-00h02m40s_res720_mu1500_sigma100_rate1433_aqOn.yuv,189,HERO-00h02m40s,HERO-00h02m40s_res2160_mu100000_sigma0_rate100000_aqOn.yuv
30,CIND-00h13m44s_res1080_mu1200_sigma100_rate1231_aqOff.yuv,190,CIND-00h13m44s,CIND-00h13m44s_res2160_mu100000_sigma0_rate100000_aqOn.yuv
31,Wot_res600_mu800_sigma200_rate956_aqOn.yuv,190,Wot,Wot_res2160_mu100000_sigma0_rate100000_aqOn.yuv
32,BTFB-01h12m21s_res2160_mu11200_sigma300_rate10755_aqOn.yuv,190,BTFB-01h12m21s,BTFB-01h12m21s_res2160_mu100000_sigma0_rate100000_aqOn.yuv
33,BTFB-01h41m55s_res720_mu1500_sigma100_rate1409_aqOn.yuv,190,BTFB-01h41m55s,BTFB-01h41m55s_res2160_mu100000_sigma0_rate100000_aqOn.yuv
34,MRSM-301_res1080_mu500_sigma100_rate475_aqOn.yuv,190,MRSM-301,MRSM-301_res2160_mu100000_sigma0_rate100000_aqOn.yuv
35,JKRY-108_res2160_mu3000_sigma300_rate2538_aqOn.yuv,190,JKRY-108,JKRY-108_res2160_mu100000_sigma0_rate100000_aqOn.yuv
36,HNNA-202_res2160_mu3000_sigma300_rate3037_aqOn.yuv,190,HNNA-202,HNNA-202_res2160_mu100000_sigma0_rate100000_aqOn.yuv
37,CMDY-101-00h10m21s_res600_mu800_sigma200_rate537_aqOn.yuv,166,CMDY-101-00h10m21s,CMDY-101-00h10m21s_res2160_mu100000_sigma0_rate100000_aqOn.yuv
38,MRSM-301_res1080_mu1200_sigma100_rate1109_aqOn.yuv,190,MRSM-301,MRSM-301_res2160_mu100000_sigma0_rate100000_aqOn.yuv
39,EXPA-510-1_res720_mu1500_sigma300_rate1736_aqOn.yuv,190,EXPA-510-1,EXPA-510-1_res2160_mu100000_sigma0_rate100000_aqOn.yuv
40,BTFB-01h12m21s_res720_mu1500_sigma100_rate1624_aqOff.yuv,190,BTFB-01h12m21s,BTFB-01h12m21s_res2160_mu100000_sigma0_rate100000_aqOn.yuv
41,COVT-110_res2160_mu100000_sigma0_rate100000_aqOn.yuv,190,COVT-110,COVT-110_res2160_mu100000_sigma0_rate100000_aqOn.yuv
42,BTFB-01h41m55s_res1080_mu500_sigma100_rate386_aqOn.yuv,190,BTFB-01h41m55s,BTFB-01h41m55s_res2160_mu100000_sigma0_rate100000_aqOn.yuv
43,BTFB-01h12m33s_res2160_mu1000_sigma100_rate984_aqOn.yuv,191,BTFB-01h12m33s,BTFB-01h12m33s_res2160_mu100000_sigma0_rate100000_aqOn.yuv
44,EplJuvVsRma-night2_res2160_mu1700_sigma0_rate1700_aqOn.yuv,198,EplJuvVsRma-night2,EplJuvVsRma-night2_res2160_mu100000_sigma0_rate100000_aqOn.yuv
45,EplJuvVsRma-night2_res600_mu800_sigma200_rate595_aqOn.yuv,198,EplJuvVsRma-night2,EplJuvVsRma-night2_res2160_mu100000_sigma0_rate100000_aqOn.yuv
46,BTFB-01h12m33s_res2160_mu100000_sigma0_rate100000_aqOn.yuv,191,BTFB-01h12m33s,BTFB-01h12m33s_res2160_mu100000_sigma0_rate100000_aqOn.yuv
47,EXPA-505_res2160_mu11200_sigma300_rate10936_aqOn.yuv,190,EXPA-505,EXPA-505_res2160_mu100000_sigma0_rate100000_aqOn.yuv
48,Disney_res2160_mu1000_sigma100_rate870_aqOn.yuv,190,Disney,Disney_res2160_mu100000_sigma0_rate100000_aqOn.yuv
49,EplLeyVsWre-day_res2160_mu3000_sigma300_rate2906_aqOn.yuv,198,EplLeyVsWre-day,EplLeyVsWre-day_res2160_mu100000_sigma0_rate100000_aqOn.yuv
50,CARE-2_res2160_mu1000_sigma100_rate971_aqOn.yuv,189,CARE-2,CARE-2_res2160_mu100000_sigma0_rate100000_aqOn.yuv
51,Disney-3_res2160_mu100000_sigma0_rate100000_aqOn.yuv,190,Disney-3,Disney-3_res2160_mu100000_sigma0_rate100000_aqOn.yuv
52,BTFB-01h05m40s_res2160_mu1000_sigma100_rate985_aqOn.yuv,189,BTFB-01h05m40s,BTFB-01h05m40s_res2160_mu100000_sigma0_rate100000_aqOn.yuv
53,BTFB-01h05m40s_res720_mu1500_sigma100_rate1597_aqOff.yuv,190,BTFB-01h05m40s,BTFB-01h05m40s_res2160_mu100000_sigma0_rate100000_aqOn.yuv
54,CHMA-313-2_res2160_mu1000_sigma100_rate1044_aqOn.yuv,198,CHMA-313-2,CHMA-313-2_res2160_mu100000_sigma0_rate100000_aqOn.yuv
55,CIND-00h13m44s_res1080_mu500_sigma100_rate499_aqOn.yuv,190,CIND-00h13m44s,CIND-00h13m44s_res2160_mu100000_sigma0_rate100000_aqOn.yuv
56,MSPY-2_res1080_mu5400_sigma300_rate5530_aqOn.yuv,189,MSPY-2,MSPY-2_res2160_mu100000_sigma0_rate100000_aqOn.yuv
57,HERO-00h02m40s_res1080_mu5400_sigma300_rate5608_aqOn.yuv,189,HERO-00h02m40s,HERO-00h02m40s_res2160_mu100000_sigma0_rate100000_aqOn.yuv
58,EplJuvVsRma-night2_res2160_mu3000_sigma300_rate3107_aqOn.yuv,198,EplJuvVsRma-night2,EplJuvVsRma-night2_res2160_mu100000_sigma0_rate100000_aqOn.yuv
59,BTFB-01h41m55s_res2160_mu11200_sigma300_rate11259_aqOn.yuv,190,BTFB-01h41m55s,BTFB-01h41m55s_res2160_mu100000_sigma0_rate100000_aqOn.yuv
60,AERO-00h13m10s_res2160_mu3000_sigma300_rate2852_aqOn.yuv,189,AERO-00h13m10s,AERO-00h13m10s_res2160_mu100000_sigma0_rate100000_aqOn.yuv
61,Wot-2_res1080_mu1200_sigma100_rate1272_aqOff.yuv,190,Wot-2,Wot-2_res2160_mu100000_sigma0_rate100000_aqOn.yuv
62,BTFB-01h12m33s_res2160_mu3000_sigma300_rate3012_aqOn.yuv,191,BTFB-01h12m33s,BTFB-01h12m33s_res2160_mu100000_sigma0_rate100000_aqOn.yuv
63,HNNA-102_res720_mu1500_sigma300_rate1142_aqOn.yuv,190,HNNA-102,HNNA-102_res2160_mu100000_sigma0_rate100000_aqOn.yuv
64,BTFB-01h12m33s_res2160_mu3000_sigma300_rate3012_aqOff.yuv,191,BTFB-01h12m33s,BTFB-01h12m33s_res2160_mu100000_sigma0_rate100000_aqOn.yuv
65,7500-00h15m25s_res2160_mu1000_sigma100_rate788_aqOn.yuv,189,7500-00h15m25s,7500-00h15m25s_res2160_mu100000_sigma0_rate100000_aqOn.yuv
66,BTFB-01h12m21s_res600_mu800_sigma50_rate806_aqOff.yuv,190,BTFB-01h12m21s,BTFB-01h12m21s_res2160_mu100000_sigma0_rate100000_aqOn.yuv
67,CARE-2_res720_mu1500_sigma300_rate1229_aqOn.yuv,189,CARE-2,CARE-2_res2160_mu100000_sigma0_rate100000_aqOn.yuv
68,CHMA-402_res1080_mu1200_sigma100_rate1193_aqOn.yuv,198,CHMA-402,CHMA-402_res2160_mu100000_sigma0_rate100000_aqOn.yuv
69,EplJuvVsRma-night3_res1080_mu500_sigma100_rate588_aqOn.yuv,198,EplJuvVsRma-night3,EplJuvVsRma-night3_res2160_mu100000_sigma0_rate100000_aqOn.yuv
70,HZLN_res1080_mu1200_sigma100_rate1339_aqOn.yuv,190,HZLN,HZLN_res2160_mu100000_sigma0_rate100000_aqOn.yuv
71,EplJuvVsRma-night1_res2160_mu1700_sigma0_rate1700_aqOn.yuv,198,EplJuvVsRma-night1,EplJuvVsRma-night1_res2160_mu100000_sigma0_rate100000_aqOn.yuv
72,BTFB-01h12m33s_res1080_mu1200_sigma100_rate1213_aqOff.yuv,191,BTFB-01h12m33s,BTFB-01h12m33s_res2160_mu100000_sigma0_rate100000_aqOn.yuv
73,THBY-103_res2160_mu11200_sigma300_rate11198_aqOn.yuv,190,THBY-103,THBY-103_res2160_mu100000_sigma0_rate100000_aqOn.yuv
74,BTFB-01h05m40s_res2160_mu11200_sigma300_rate11099_aqOn.yuv,189,BTFB-01h05m40s,BTFB-01h05m40s_res2160_mu100000_sigma0_rate100000_aqOn.yuv
75,BASN-00h37m18s_res2160_mu100000_sigma0_rate100000_aqOn.yuv,190,BASN-00h37m18s,BASN-00h37m18s_res2160_mu100000_sigma0_rate100000_aqOn.yuv
76,HNNA-102_res600_mu800_sigma200_rate654_aqOn.yuv,190,HNNA-102,HNNA-102_res2160_mu100000_sigma0_rate100000_aqOn.yuv
77,BTFB-00h33m50s_res1080_mu1200_sigma100_rate1220_aqOff.yuv,158,BTFB-00h33m50s,BTFB-00h33m50s_res2160_mu100000_sigma0_rate100000_aqOn.yuv
78,EplLeyVsWre-day_res2160_mu1700_sigma0_rate1700_aqOn.yuv,198,EplLeyVsWre-day,EplLeyVsWre-day_res2160_mu100000_sigma0_rate100000_aqOn.yuv
79,EXPA-505_res2160_mu100000_sigma0_rate100000_aqOn.yuv,190,EXPA-505,EXPA-505_res2160_mu100000_sigma0_rate100000_aqOn.yuv
80,CHMA-313_res2160_mu11200_sigma300_rate11234_aqOn.yuv,198,CHMA-313,CHMA-313_res2160_mu100000_sigma0_rate100000_aqOn.yuv
81,EplJuvVsRma-night2_res2160_mu11200_sigma300_rate11053_aqOn.yuv,198,EplJuvVsRma-night2,EplJuvVsRma-night2_res2160_mu100000_sigma0_rate100000_aqOn.yuv
82,CHMA-402_res2160_mu1000_sigma100_rate966_aqOn.yuv,198,CHMA-402,CHMA-402_res2160_mu100000_sigma0_rate100000_aqOn.yuv
83,HERO-00h01m57s_res600_mu800_sigma50_rate780_aqOff.yuv,178,HERO-00h01m57s,HERO-00h01m57s_res2160_mu100000_sigma0_rate100000_aqOn.yuv
84,BTFB-01h05m40s_res720_mu1500_sigma100_rate1597_aqOn.yuv,190,BTFB-01h05m40s,BTFB-01h05m40s_res2160_mu100000_sigma0_rate100000_aqOn.yuv
85,COVT-110_res1080_mu1200_sigma100_rate1101_aqOn.yuv,190,COVT-110,COVT-110_res2160_mu100000_sigma0_rate100000_aqOn.yuv
86,HERO-00h02m40s_res2160_mu11200_sigma300_rate11398_aqOn.yuv,189,HERO-00h02m40s,HERO-00h02m40s_res2160_mu100000_sigma0_rate100000_aqOn.yuv
87,MOLV-102_res2160_mu11200_sigma300_rate11279_aqOn.yuv,190,MOLV-102,MOLV-102_res2160_mu100000_sigma0_rate100000_aqOn.yuv
88,BTFB-01h05m40s_res1080_mu500_sigma100_rate481_aqOn.yuv,190,BTFB-01h05m40s,BTFB-01h05m40s_res2160_mu100000_sigma0_rate100000_aqOn.yuv
89,CHMA-302_res1080_mu500_sigma100_rate629_aqOn.yuv,198,CHMA-302,CHMA-302_res2160_mu100000_sigma0_rate100000_aqOn.yuv
90,BASN-00h37m18s_res2160_mu11200_sigma300_rate11167_aqOn.yuv,190,BASN-00h37m18s,BASN-00h37m18s_res2160_mu100000_sigma0_rate100000_aqOn.yuv
91,CHMA-313-2_res720_mu1500_sigma300_rate1682_aqOn.yuv,198,CHMA-313-2,CHMA-313-2_res2160_mu100000_sigma0_rate100000_aqOn.yuv
92,BTFB-00h33m50s_res1080_mu1200_sigma100_rate1220_aqOn.yuv,158,BTFB-00h33m50s,BTFB-00h33m50s_res2160_mu100000_sigma0_rate100000_aqOn.yuv
93,EplJuvVsRma-night3_res600_mu800_sigma200_rate974_aqOn.yuv,198,EplJuvVsRma-night3,EplJuvVsRma-night3_res2160_mu100000_sigma0_rate100000_aqOn.yuv
94,7500-00h15m25s_res1080_mu5400_sigma300_rate5638_aqOn.yuv,189,7500-00h15m25s,7500-00h15m25s_res2160_mu100000_sigma0_rate100000_aqOn.yuv
95,CHMA-313-2_res600_mu800_sigma200_rate695_aqOn.yuv,198,CHMA-313-2,CHMA-313-2_res2160_mu100000_sigma0_rate100000_aqOn.yuv
96,EplJuvVsRma-night2_res1080_mu1200_sigma100_rate892_aqOn.yuv,198,EplJuvVsRma-night2,EplJuvVsRma-night2_res2160_mu100000_sigma0_rate100000_aqOn.yuv
97,THBY-103_res2160_mu1000_sigma100_rate922_aqOn.yuv,190,THBY-103,THBY-103_res2160_mu100000_sigma0_rate100000_aqOn.yuv
98,CMDY-101-00h10m21s_res720_mu1500_sigma300_rate1807_aqOn.yuv,166,CMDY-101-00h10m21s,CMDY-101-00h10m21s_res2160_mu100000_sigma0_rate100000_aqOn.yuv
99,BTFB-00h33m50s_res2160_mu100000_sigma0_rate100000_aqOn.yuv,158,BTFB-00h33m50s,BTFB-00h33m50s_res2160_mu100000_sigma0_rate100000_aqOn.yuv
100,CIND-00h13m44s_res1080_mu1200_sigma100_rate1231_aqOn.yuv,190,CIND-00h13m44s,CIND-00h13m44s_res2160_mu100000_sigma0_rate100000_aqOn.yuv
101,Wot-2_res2160_mu1000_sigma100_rate853_aqOn.yuv,190,Wot-2,Wot-2_res2160_mu100000_sigma0_rate100000_aqOn.yuv
102,EXPA-505_res1080_mu5400_sigma300_rate5136_aqOn.yuv,190,EXPA-505,EXPA-505_res2160_mu100000_sigma0_rate100000_aqOn.yuv
103,BTFB-01h41m55s_res2160_mu100000_sigma0_rate100000_aqOn.yuv,190,BTFB-01h41m55s,BTFB-01h41m55s_res2160_mu100000_sigma0_rate100000_aqOn.yuv
104,CHMA-313-2_res1080_mu5400_sigma300_rate5646_aqOn.yuv,198,CHMA-313-2,CHMA-313-2_res2160_mu100000_sigma0_rate100000_aqOn.yuv
105,BTFB-01h12m21s_res2160_mu3000_sigma300_rate3219_aqOn.yuv,190,BTFB-01h12m21s,BTFB-01h12m21s_res2160_mu100000_sigma0_rate100000_aqOn.yuv
106,HNNA-202_res1080_mu5400_sigma300_rate5386_aqOn.yuv,190,HNNA-202,HNNA-202_res2160_mu100000_sigma0_rate100000_aqOn.yuv
107,EXPA-505_res600_mu800_sigma50_rate809_aqOn.yuv,190,EXPA-505,EXPA-505_res2160_mu100000_sigma0_rate100000_aqOn.yuv
108,EplJuvVsRma-night1_res2160_mu3000_sigma300_rate2520_aqOn.yuv,198,EplJuvVsRma-night1,EplJuvVsRma-night1_res2160_mu100000_sigma0_rate100000_aqOn.yuv
109,EplLeyVsWre-day_res1080_mu500_sigma100_rate455_aqOn.yuv,198,EplLeyVsWre-day,EplLeyVsWre-day_res2160_mu100000_sigma0_rate100000_aqOn.yuv
110,HERO-00h02m40s_res600_mu800_sigma50_rate831_aqOff.yuv,189,HERO-00h02m40s,HERO-00h02m40s_res2160_mu100000_sigma0_rate100000_aqOn.yuv
111,MRSM-301_res600_mu800_sigma200_rate1060_aqOn.yuv,190,MRSM-301,MRSM-301_res2160_mu100000_sigma0_rate100000_aqOn.yuv
112,CARE-2_res2160_mu3000_sigma300_rate2565_aqOn.yuv,189,CARE-2,CARE-2_res2160_mu100000_sigma0_rate100000_aqOn.yuv
113,BASN-00h37m18s_res2160_mu1000_sigma100_rate922_aqOn.yuv,190,BASN-00h37m18s,BASN-00h37m18s_res2160_mu100000_sigma0_rate100000_aqOn.yuv
114,EplJuvVsRma-night3_res720_mu1500_sigma300_rate1687_aqOn.yuv,198,EplJuvVsRma-night3,EplJuvVsRma-night3_res2160_mu100000_sigma0_rate100000_aqOn.yuv
115,CHMA-313-2_res2160_mu3000_sigma300_rate3249_aqOn.yuv,198,CHMA-313-2,CHMA-313-2_res2160_mu100000_sigma0_rate100000_aqOn.yuv
116,CHMA-302_res1080_mu5400_sigma300_rate5415_aqOn.yuv,198,CHMA-302,CHMA-302_res2160_mu100000_sigma0_rate100000_aqOn.yuv
117,BTFB-01h12m21s_res600_mu800_sigma50_rate806_aqOn.yuv,190,BTFB-01h12m21s,BTFB-01h12m21s_res2160_mu100000_sigma0_rate100000_aqOn.yuv
118,BTFB-00h33m50s_res2160_mu3000_sigma300_rate2862_aqOn.yuv,158,BTFB-00h33m50s,BTFB-00h33m50s_res2160_mu100000_sigma0_rate100000_aqOn.yuv
119,CMDY-101-00h10m21s_res1080_mu5400_sigma300_rate5789_aqOn.yuv,166,CMDY-101-00h10m21s,CMDY-101-00h10m21s_res2160_mu100000_sigma0_rate100000_aqOn.yuv
120,JKRY-108_res1080_mu1200_sigma100_rate1052_aqOn.yuv,190,JKRY-108,JKRY-108_res2160_mu100000_sigma0_rate100000_aqOn.yuv
121,Disney-3_res1080_mu5400_sigma300_rate5404_aqOn.yuv,190,Disney-3,Disney-3_res2160_mu100000_sigma0_rate100000_aqOn.yuv
122,AERO-00h13m10s_res2160_mu11200_sigma300_rate11201_aqOn.yuv,189,AERO-00h13m10s,AERO-00h13m10s_res2160_mu100000_sigma0_rate100000_aqOn.yuv
123,COVT-110_res2160_mu3000_sigma300_rate2853_aqOn.yuv,190,COVT-110,COVT-110_res2160_mu100000_sigma0_rate100000_aqOn.yuv
124,7500-00h15m25s_res2160_mu3000_sigma300_rate3372_aqOn.yuv,189,7500-00h15m25s,7500-00h15m25s_res2160_mu100000_sigma0_rate100000_aqOn.yuv
125,MOLV-102_res2160_mu100000_sigma0_rate100000_aqOn.yuv,190,MOLV-102,MOLV-102_res2160_mu100000_sigma0_rate100000_aqOn.yuv
126,AERO-00h13m10s_res2160_mu100000_sigma0_rate100000_aqOn.yuv,189,AERO-00h13m10s,AERO-00h13m10s_res2160_mu100000_sigma0_rate100000_aqOn.yuv
127,THBY-103_res2160_mu3000_sigma300_rate3264_aqOn.yuv,190,THBY-103,THBY-103_res2160_mu100000_sigma0_rate100000_aqOn.yuv
128,BTFB-01h41m55s_res600_mu800_sigma50_rate787_aqOn.yuv,190,BTFB-01h41m55s,BTFB-01h41m55s_res2160_mu100000_sigma0_rate100000_aqOn.yuv
129,CHMA-402_res2160_mu100000_sigma0_rate100000_aqOn.yuv,198,CHMA-402,CHMA-402_res2160_mu100000_sigma0_rate100000_aqOn.yuv
130,HERO-00h02m40s_res1080_mu500_sigma100_rate580_aqOn.yuv,189,HERO-00h02m40s,HERO-00h02m40s_res2160_mu100000_sigma0_rate100000_aqOn.yuv
131,HNNA-202_res600_mu800_sigma200_rate958_aqOn.yuv,191,HNNA-202,HNNA-202_res2160_mu100000_sigma0_rate100000_aqOn.yuv
132,CHMA-313_res1080_mu1200_sigma100_rate1091_aqOn.yuv,198,CHMA-313,CHMA-313_res2160_mu100000_sigma0_rate100000_aqOn.yuv
133,7500-00h15m25s_res600_mu800_sigma50_rate840_aqOn.yuv,189,7500-00h15m25s,7500-00h15m25s_res2160_mu100000_sigma0_rate100000_aqOn.yuv
134,HERO-00h02m40s_res720_mu1500_sigma100_rate1433_aqOff.yuv,189,HERO-00h02m40s,HERO-00h02m40s_res2160_mu100000_sigma0_rate100000_aqOn.yuv
135,EXPA-510-1_res2160_mu11200_sigma300_rate11369_aqOn.yuv,190,EXPA-510-1,EXPA-510-1_res2160_mu100000_sigma0_rate100000_aqOn.yuv
136,CHMA-313_res600_mu800_sigma200_rate550_aqOn.yuv,198,CHMA-313,CHMA-313_res2160_mu100000_sigma0_rate100000_aqOn.yuv
137,COVT-107_res2160_mu11200_sigma300_rate11041_aqOn.yuv,190,COVT-107,COVT-107_res2160_mu100000_sigma0_rate100000_aqOn.yuv
138,EXPA-504_res600_mu800_sigma200_rate1058_aqOn.yuv,189,EXPA-504,EXPA-504_res2160_mu100000_sigma0_rate100000_aqOn.yuv
139,MSPY-2_res2160_mu1000_sigma100_rate1104_aqOn.yuv,189,MSPY-2,MSPY-2_res2160_mu100000_sigma0_rate100000_aqOn.yuv
140,Wot_res2160_mu3000_sigma300_rate2892_aqOn.yuv,190,Wot,Wot_res2160_mu100000_sigma0_rate100000_aqOn.yuv
141,Wot-2_res720_mu1500_sigma100_rate1329_aqOn.yuv,190,Wot-2,Wot-2_res2160_mu100000_sigma0_rate100000_aqOn.yuv
142,7500-00h15m25s_res2160_mu11200_sigma300_rate11726_aqOn.yuv,189,7500-00h15m25s,7500-00h15m25s_res2160_mu100000_sigma0_rate100000_aqOn.yuv
143,CHEM_res2160_mu100000_sigma0_rate100000_aqOn.yuv,190,CHEM,CHEM_res2160_mu100000_sigma0_rate100000_aqOn.yuv
144,COVT-110_res1080_mu5400_sigma300_rate5625_aqOn.yuv,190,COVT-110,COVT-110_res2160_mu100000_sigma0_rate100000_aqOn.yuv
145,Disney-3_res2160_mu11200_sigma300_rate10955_aqOn.yuv,190,Disney-3,Disney-3_res2160_mu100000_sigma0_rate100000_aqOn.yuv
146,EXPA-510-1_res2160_mu3000_sigma300_rate3104_aqOn.yuv,190,EXPA-510-1,EXPA-510-1_res2160_mu100000_sigma0_rate100000_aqOn.yuv
147,MSPY-2_res1080_mu1200_sigma100_rate1243_aqOn.yuv,189,MSPY-2,MSPY-2_res2160_mu100000_sigma0_rate100000_aqOn.yuv
148,EplJuvVsRma-night1_res2160_mu11200_sigma300_rate10916_aqOn.yuv,198,EplJuvVsRma-night1,EplJuvVsRma-night1_res2160_mu100000_sigma0_rate100000_aqOn.yuv
149,HERO-00h01m57s_res720_mu1500_sigma100_rate1426_aqOn.yuv,178,HERO-00h01m57s,HERO-00h01m57s_res2160_mu100000_sigma0_rate100000_aqOn.yuv
150,HZLN_res720_mu1500_sigma300_rate1481_aqOn.yuv,190,HZLN,HZLN_res2160_mu100000_sigma0_rate100000_aqOn.yuv
151,CHMA-313_res1080_mu500_sigma100_rate376_aqOn.yuv,198,CHMA-313,CHMA-313_res2160_mu100000_sigma0_rate100000_aqOn.yuv
152,EXPA-505_res2160_mu3000_sigma300_rate3200_aqOn.yuv,190,EXPA-505,EXPA-505_res2160_mu100000_sigma0_rate100000_aqOn.yuv
153,Disney-3_res600_mu800_sigma200_rate1056_aqOn.yuv,190,Disney-3,Disney-3_res2160_mu100000_sigma0_rate100000_aqOn.yuv
154,Wot-2_res600_mu800_sigma50_rate824_aqOn.yuv,190,Wot-2,Wot-2_res2160_mu100000_sigma0_rate100000_aqOn.yuv
155,BTFB-01h05m40s_res1080_mu1200_sigma100_rate1172_aqOff.yuv,190,BTFB-01h05m40s,BTFB-01h05m40s_res2160_mu100000_sigma0_rate100000_aqOn.yuv
156,CHMA-313_res2160_mu1000_sigma100_rate878_aqOn.yuv,198,CHMA-313,CHMA-313_res2160_mu100000_sigma0_rate100000_aqOn.yuv
157,EplLeyVsWre-day_res1080_mu1200_sigma100_rate1327_aqOn.yuv,198,EplLeyVsWre-day,EplLeyVsWre-day_res2160_mu100000_sigma0_rate100000_aqOn.yuv
158,EplJuvVsRma-night2_res720_mu1500_sigma300_rate1278_aqOn.yuv,198,EplJuvVsRma-night2,EplJuvVsRma-night2_res2160_mu100000_sigma0_rate100000_aqOn.yuv
159,EXPA-510-1_res1080_mu500_sigma100_rate598_aqOn.yuv,190,EXPA-510-1,EXPA-510-1_res2160_mu100000_sigma0_rate100000_aqOn.yuv
160,CHMA-302_res1080_mu1200_sigma100_rate962_aqOn.yuv,198,CHMA-302,CHMA-302_res2160_mu100000_sigma0_rate100000_aqOn.yuv
161,HERO-00h01m57s_res1080_mu1200_sigma100_rate1171_aqOff.yuv,178,HERO-00h01m57s,HERO-00h01m57s_res2160_mu100000_sigma0_rate100000_aqOn.yuv
162,MRSM-301_res2160_mu11200_sigma300_rate11216_aqOn.yuv,190,MRSM-301,MRSM-301_res2160_mu100000_sigma0_rate100000_aqOn.yuv
163,COVT-107_res600_mu800_sigma200_rate587_aqOn.yuv,190,COVT-107,COVT-107_res2160_mu100000_sigma0_rate100000_aqOn.yuv
164,EplJuvVsRma-night3_res2160_mu11200_sigma300_rate10706_aqOn.yuv,198,EplJuvVsRma-night3,EplJuvVsRma-night3_res2160_mu100000_sigma0_rate100000_aqOn.yuv
165,MOLV-102_res720_mu1500_sigma300_rate1598_aqOn.yuv,190,MOLV-102,MOLV-102_res2160_mu100000_sigma0_rate100000_aqOn.yuv
166,CHMA-313_res1080_mu5400_sigma300_rate5497_aqOn.yuv,198,CHMA-313,CHMA-313_res2160_mu100000_sigma0_rate100000_aqOn.yuv
167,CIND-00h13m44s_res2160_mu100000_sigma0_rate100000_aqOn.yuv,190,CIND-00h13m44s,CIND-00h13m44s_res2160_mu100000_sigma0_rate100000_aqOn.yuv
168,7500-00h15m25s_res1080_mu500_sigma100_rate466_aqOn.yuv,189,7500-00h15m25s,7500-00h15m25s_res2160_mu100000_sigma0_rate100000_aqOn.yuv
169,EplJuvVsRma-night2_res1080_mu5400_sigma300_rate5259_aqOn.yuv,198,EplJuvVsRma-night2,EplJuvVsRma-night2_res2160_mu100000_sigma0_rate100000_aqOn.yuv
170,Wot_res2160_mu11200_sigma300_rate11338_aqOn.yuv,190,Wot,Wot_res2160_mu100000_sigma0_rate100000_aqOn.yuv
171,BTFB-01h12m21s_res1080_mu5400_sigma300_rate4777_aqOn.yuv,190,BTFB-01h12m21s,BTFB-01h12m21s_res2160_mu100000_sigma0_rate100000_aqOn.yuv
172,EplJuvVsRma-night3_res1080_mu5400_sigma300_rate5712_aqOn.yuv,198,EplJuvVsRma-night3,EplJuvVsRma-night3_res2160_mu100000_sigma0_rate100000_aqOn.yuv
173,JKRY-108_res2160_mu11200_sigma300_rate11252_aqOn.yuv,190,JKRY-108,JKRY-108_res2160_mu100000_sigma0_rate100000_aqOn.yuv
174,HNNA-202_res1080_mu500_sigma100_rate400_aqOn.yuv,190,HNNA-202,HNNA-202_res2160_mu100000_sigma0_rate100000_aqOn.yuv
175,CHMA-402_res2160_mu3000_sigma300_rate3211_aqOn.yuv,198,CHMA-402,CHMA-402_res2160_mu100000_sigma0_rate100000_aqOn.yuv
176,AERO-00h13m10s_res720_mu1500_sigma100_rate1573_aqOn.yuv,189,AERO-00h13m10s,AERO-00h13m10s_res2160_mu100000_sigma0_rate100000_aqOn.yuv
177,MOLV-102_res2160_mu3000_sigma300_rate3214_aqOn.yuv,190,MOLV-102,MOLV-102_res2160_mu100000_sigma0_rate100000_aqOn.yuv
178,Disney-3_res1080_mu500_sigma100_rate475_aqOn.yuv,190,Disney-3,Disney-3_res2160_mu100000_sigma0_rate100000_aqOn.yuv
179,Disney_res1080_mu1200_sigma100_rate1108_aqOn.yuv,190,Disney,Disney_res2160_mu100000_sigma0_rate100000_aqOn.yuv
180,CHMA-101_res1080_mu5400_sigma300_rate5808_aqOn.yuv,190,CHMA-101,CHMA-101_res2160_mu100000_sigma0_rate100000_aqOn.yuv
181,EplJuvVsRma-night1_res600_mu800_sigma200_rate779_aqOn.yuv,198,EplJuvVsRma-night1,EplJuvVsRma-night1_res2160_mu100000_sigma0_rate100000_aqOn.yuv
182,COVT-107_res1080_mu1200_sigma100_rate1180_aqOn.yuv,190,COVT-107,COVT-107_res2160_mu100000_sigma0_rate100000_aqOn.yuv
183,CHMA-402_res2160_mu11200_sigma300_rate11337_aqOn.yuv,198,CHMA-402,CHMA-402_res2160_mu100000_sigma0_rate100000_aqOn.yuv
184,BTFB-01h12m33s_res1080_mu5400_sigma300_rate5254_aqOn.yuv,191,BTFB-01h12m33s,BTFB-01h12m33s_res2160_mu100000_sigma0_rate100000_aqOn.yuv
185,AERO-00h13m10s_res1080_mu500_sigma100_rate538_aqOn.yuv,189,AERO-00h13m10s,AERO-00h13m10s_res2160_mu100000_sigma0_rate100000_aqOn.yuv
186,CHMA-101_res1080_mu500_sigma100_rate632_aqOn.yuv,190,CHMA-101,CHMA-101_res2160_mu100000_sigma0_rate100000_aqOn.yuv
187,BASN-00h37m18s_res2160_mu3000_sigma300_rate3027_aqOn.yuv,190,BASN-00h37m18s,BASN-00h37m18s_res2160_mu100000_sigma0_rate100000_aqOn.yuv
188,COVT-107_res2160_mu100000_sigma0_rate100000_aqOn.yuv,190,COVT-107,COVT-107_res2160_mu100000_sigma0_rate100000_aqOn.yuv
189,CARE-2_res2160_mu100000_sigma0_rate100000_aqOn.yuv,189,CARE-2,CARE-2_res2160_mu100000_sigma0_rate100000_aqOn.yuv
190,EXPA-505_res720_mu1500_sigma100_rate1485_aqOn.yuv,190,EXPA-505,EXPA-505_res2160_mu100000_sigma0_rate100000_aqOn.yuv
191,CHMA-402_res1080_mu5400_sigma300_rate5380_aqOn.yuv,198,CHMA-402,CHMA-402_res2160_mu100000_sigma0_rate100000_aqOn.yuv
192,COVT-110_res2160_mu1000_sigma100_rate1069_aqOn.yuv,190,COVT-110,COVT-110_res2160_mu100000_sigma0_rate100000_aqOn.yuv
193,EplJuvVsRma-night3_res2160_mu100000_sigma0_rate100000_aqOn.yuv,198,EplJuvVsRma-night3,EplJuvVsRma-night3_res2160_mu100000_sigma0_rate100000_aqOn.yuv
194,CARE-2_res1080_mu500_sigma100_rate539_aqOn.yuv,189,CARE-2,CARE-2_res2160_mu100000_sigma0_rate100000_aqOn.yuv
195,HERO-00h02m40s_res2160_mu3000_sigma300_rate3089_aqOn.yuv,189,HERO-00h02m40s,HERO-00h02m40s_res2160_mu100000_sigma0_rate100000_aqOn.yuv
196,Disney_res2160_mu3000_sigma300_rate2951_aqOn.yuv,190,Disney,Disney_res2160_mu100000_sigma0_rate100000_aqOn.yuv
197,CHMA-313_res2160_mu3000_sigma300_rate3122_aqOn.yuv,198,CHMA-313,CHMA-313_res2160_mu100000_sigma0_rate100000_aqOn.yuv
198,CHMA-313-2_res2160_mu11200_sigma300_rate11194_aqOn.yuv,198,CHMA-313-2,CHMA-313-2_res2160_mu100000_sigma0_rate100000_aqOn.yuv
199,HERO-00h01m57s_res600_mu800_sigma50_rate780_aqOn.yuv,178,HERO-00h01m57s,HERO-00h01m57s_res2160_mu100000_sigma0_rate100000_aqOn.yuv
200,BTFB-00h33m50s_res600_mu800_sigma50_rate884_aqOn.yuv,158,BTFB-00h33m50s,BTFB-00h33m50s_res2160_mu100000_sigma0_rate100000_aqOn.yuv
201,BTFB-01h41m55s_res600_mu800_sigma50_rate787_aqOff.yuv,190,BTFB-01h41m55s,BTFB-01h41m55s_res2160_mu100000_sigma0_rate100000_aqOn.yuv
202,Wot_res2160_mu100000_sigma0_rate100000_aqOn.yuv,190,Wot,Wot_res2160_mu100000_sigma0_rate100000_aqOn.yuv
203,JKRY-108_res1080_mu500_sigma100_rate588_aqOn.yuv,190,JKRY-108,JKRY-108_res2160_mu100000_sigma0_rate100000_aqOn.yuv
204,BTFB-00h33m50s_res1080_mu500_sigma100_rate340_aqOn.yuv,158,BTFB-00h33m50s,BTFB-00h33m50s_res2160_mu100000_sigma0_rate100000_aqOn.yuv
205,Wot_res1080_mu5400_sigma300_rate5456_aqOn.yuv,190,Wot,Wot_res2160_mu100000_sigma0_rate100000_aqOn.yuv
206,CARE-2_res600_mu800_sigma200_rate1014_aqOn.yuv,189,CARE-2,CARE-2_res2160_mu100000_sigma0_rate100000_aqOn.yuv
207,CIND-00h13m44s_res720_mu1500_sigma100_rate1568_aqOn.yuv,190,CIND-00h13m44s,CIND-00h13m44s_res2160_mu100000_sigma0_rate100000_aqOn.yuv
208,BTFB-00h33m50s_res720_mu1500_sigma100_rate1544_aqOn.yuv,190,BTFB-00h33m50s,BTFB-00h33m50s_res2160_mu100000_sigma0_rate100000_aqOn.yuv
209,AERO-00h13m10s_res2160_mu3000_sigma300_rate2852_aqOff.yuv,189,AERO-00h13m10s,AERO-00h13m10s_res2160_mu100000_sigma0_rate100000_aqOn.yuv
210,EXPA-505_res1080_mu500_sigma100_rate448_aqOn.yuv,190,EXPA-505,EXPA-505_res2160_mu100000_sigma0_rate100000_aqOn.yuv
211,Disney_res1080_mu500_sigma100_rate311_aqOn.yuv,190,Disney,Disney_res2160_mu100000_sigma0_rate100000_aqOn.yuv
212,EXPA-504_res1080_mu500_sigma100_rate487_aqOn.yuv,189,EXPA-504,EXPA-504_res2160_mu100000_sigma0_rate100000_aqOn.yuv
213,MRSM-301_res2160_mu3000_sigma300_rate3297_aqOn.yuv,190,MRSM-301,MRSM-301_res2160_mu100000_sigma0_rate100000_aqOn.yuv
214,EXPA-504_res1080_mu5400_sigma300_rate4934_aqOn.yuv,189,EXPA-504,EXPA-504_res2160_mu100000_sigma0_rate100000_aqOn.yuv
215,Wot_res2160_mu1000_sigma100_rate1054_aqOn.yuv,190,Wot,Wot_res2160_mu100000_sigma0_rate100000_aqOn.yuv
216,THBY-103_res1080_mu500_sigma100_rate564_aqOn.yuv,190,THBY-103,THBY-103_res2160_mu100000_sigma0_rate100000_aqOn.yuv
217,Wot-2_res2160_mu3000_sigma300_rate3149_aqOn.yuv,190,Wot-2,Wot-2_res2160_mu100000_sigma0_rate100000_aqOn.yuv
218,BASN-00h37m18s_res1080_mu1200_sigma100_rate1196_aqOn.yuv,190,BASN-00h37m18s,BASN-00h37m18s_res2160_mu100000_sigma0_rate100000_aqOn.yuv
219,HERO-00h01m57s_res2160_mu1000_sigma100_rate1020_aqOn.yuv,178,HERO-00h01m57s,HERO-00h01m57s_res2160_mu100000_sigma0_rate100000_aqOn.yuv
220,EplJuvVsRma-night3_res1080_mu1200_sigma100_rate1170_aqOn.yuv,198,EplJuvVsRma-night3,EplJuvVsRma-night3_res2160_mu100000_sigma0_rate100000_aqOn.yuv
221,EXPA-504_res2160_mu100000_sigma0_rate100000_aqOn.yuv,189,EXPA-504,EXPA-504_res2160_mu100000_sigma0_rate100000_aqOn.yuv
222,Wot-2_res1080_mu500_sigma100_rate483_aqOn.yuv,190,Wot-2,Wot-2_res2160_mu100000_sigma0_rate100000_aqOn.yuv
223,CMDY-101-00h10m21s_res2160_mu1000_sigma100_rate798_aqOn.yuv,166,CMDY-101-00h10m21s,CMDY-101-00h10m21s_res2160_mu100000_sigma0_rate100000_aqOn.yuv
224,7500-00h15m25s_res2160_mu100000_sigma0_rate100000_aqOn.yuv,189,7500-00h15m25s,7500-00h15m25s_res2160_mu100000_sigma0_rate100000_aqOn.yuv
225,EplJuvVsRma-night3_res2160_mu3000_sigma300_rate3402_aqOn.yuv,198,EplJuvVsRma-night3,EplJuvVsRma-night3_res2160_mu100000_sigma0_rate100000_aqOn.yuv
226,CARE-2_res1080_mu5400_sigma300_rate4886_aqOn.yuv,189,CARE-2,CARE-2_res2160_mu100000_sigma0_rate100000_aqOn.yuv
227,Wot-2_res1080_mu5400_sigma300_rate5207_aqOn.yuv,190,Wot-2,Wot-2_res2160_mu100000_sigma0_rate100000_aqOn.yuv
228,BTFB-00h33m50s_res1080_mu5400_sigma300_rate5224_aqOn.yuv,158,BTFB-00h33m50s,BTFB-00h33m50s_res2160_mu100000_sigma0_rate100000_aqOn.yuv
229,JKRY-108_res600_mu800_sigma200_rate1036_aqOn.yuv,190,JKRY-108,JKRY-108_res2160_mu100000_sigma0_rate100000_aqOn.yuv
230,Disney_res2160_mu100000_sigma0_rate100000_aqOn.yuv,190,Disney,Disney_res2160_mu100000_sigma0_rate100000_aqOn.yuv
231,Wot-2_res2160_mu11200_sigma300_rate10931_aqOn.yuv,190,Wot-2,Wot-2_res2160_mu100000_sigma0_rate100000_aqOn.yuv
232,THBY-103_res1080_mu1200_sigma100_rate1054_aqOn.yuv,190,THBY-103,THBY-103_res2160_mu100000_sigma0_rate100000_aqOn.yuv
233,CHEM_res2160_mu3000_sigma300_rate3242_aqOn.yuv,190,CHEM,CHEM_res2160_mu100000_sigma0_rate100000_aqOn.yuv
234,CARE-2_res2160_mu11200_sigma300_rate11440_aqOn.yuv,189,CARE-2,CARE-2_res2160_mu100000_sigma0_rate100000_aqOn.yuv
235,CHMA-313_res2160_mu100000_sigma0_rate100000_aqOn.yuv,198,CHMA-313,CHMA-313_res2160_mu100000_sigma0_rate100000_aqOn.yuv
236,EXPA-510-1_res2160_mu1000_sigma100_rate970_aqOn.yuv,190,EXPA-510-1,EXPA-510-1_res2160_mu100000_sigma0_rate100000_aqOn.yuv
237,HERO-00h01m57s_res720_mu1500_sigma100_rate1426_aqOff.yuv,178,HERO-00h01m57s,HERO-00h01m57s_res2160_mu100000_sigma0_rate100000_aqOn.yuv
238,HNNA-202_res1080_mu1200_sigma100_rate1351_aqOn.yuv,190,HNNA-202,HNNA-202_res2160_mu100000_sigma0_rate100000_aqOn.yuv
239,EplJuvVsRma-night1_res1080_mu1200_sigma100_rate1252_aqOn.yuv,198,EplJuvVsRma-night1,EplJuvVsRma-night1_res2160_mu100000_sigma0_rate100000_aqOn.yuv
240,CMDY-101-00h10m21s_res2160_mu11200_sigma300_rate10759_aqOn.yuv,166,CMDY-101-00h10m21s,CMDY-101-00h10m21s_res2160_mu100000_sigma0_rate100000_aqOn.yuv
241,7500-00h15m25s_res1080_mu1200_sigma100_rate1268_aqOn.yuv,189,7500-00h15m25s,7500-00h15m25s_res2160_mu100000_sigma0_rate100000_aqOn.yuv
242,HNNA-102_res2160_mu11200_sigma300_rate11721_aqOn.yuv,190,HNNA-102,HNNA-102_res2160_mu100000_sigma0_rate100000_aqOn.yuv
243,CHMA-313_res720_mu1500_sigma300_rate1692_aqOn.yuv,198,CHMA-313,CHMA-313_res2160_mu100000_sigma0_rate100000_aqOn.yuv
244,CIND-00h13m44s_res2160_mu11200_sigma300_rate11366_aqOn.yuv,190,CIND-00h13m44s,CIND-00h13m44s_res2160_mu100000_sigma0_rate100000_aqOn.yuv
245,BTFB-01h41m55s_res1080_mu1200_sigma100_rate1459_aqOff.yuv,190,BTFB-01h41m55s,BTFB-01h41m55s_res2160_mu100000_sigma0_rate100000_aqOn.yuv
246,Wot_res1080_mu1200_sigma100_rate1082_aqOn.yuv,190,Wot,Wot_res2160_mu100000_sigma0_rate100000_aqOn.yuv
247,BASN-00h37m18s_res1080_mu5400_sigma300_rate5457_aqOn.yuv,190,BASN-00h37m18s,BASN-00h37m18s_res2160_mu100000_sigma0_rate100000_aqOn.yuv
248,BASN-00h37m18s_res600_mu800_sigma50_rate841_aqOn.yuv,190,BASN-00h37m18s,BASN-00h37m18s_res2160_mu100000_sigma0_rate100000_aqOn.yuv
249,EXPA-510-1_res2160_mu100000_sigma0_rate100000_aqOn.yuv,190,EXPA-510-1,EXPA-510-1_res2160_mu100000_sigma0_rate100000_aqOn.yuv
250,CHEM_res2160_mu11200_sigma300_rate11288_aqOn.yuv,190,CHEM,CHEM_res2160_mu100000_sigma0_rate100000_aqOn.yuv
251,AERO-00h13m10s_res1080_mu1200_sigma100_rate1185_aqOff.yuv,189,AERO-00h13m10s,AERO-00h13m10s_res2160_mu100000_sigma0_rate100000_aqOn.yuv
252,BTFB-00h33m50s_res720_mu1500_sigma100_rate1544_aqOff.yuv,190,BTFB-00h33m50s,BTFB-00h33m50s_res2160_mu100000_sigma0_rate100000_aqOn.yuv
253,EplJuvVsRma-night2_res2160_mu100000_sigma0_rate100000_aqOn.yuv,198,EplJuvVsRma-night2,EplJuvVsRma-night2_res2160_mu100000_sigma0_rate100000_aqOn.yuv
254,Disney-3_res1080_mu1200_sigma100_rate1293_aqOn.yuv,190,Disney-3,Disney-3_res2160_mu100000_sigma0_rate100000_aqOn.yuv
255,JKRY-108_res2160_mu100000_sigma0_rate100000_aqOn.yuv,190,JKRY-108,JKRY-108_res2160_mu100000_sigma0_rate100000_aqOn.yuv
256,BTFB-01h12m21s_res1080_mu1200_sigma100_rate1238_aqOn.yuv,190,BTFB-01h12m21s,BTFB-01h12m21s_res2160_mu100000_sigma0_rate100000_aqOn.yuv
257,BTFB-01h12m33s_res720_mu1500_sigma100_rate1625_aqOn.yuv,191,BTFB-01h12m33s,BTFB-01h12m33s_res2160_mu100000_sigma0_rate100000_aqOn.yuv
258,CIND-00h13m44s_res1080_mu5400_sigma300_rate5587_aqOn.yuv,190,CIND-00h13m44s,CIND-00h13m44s_res2160_mu100000_sigma0_rate100000_aqOn.yuv
259,BTFB-01h12m33s_res720_mu1500_sigma100_rate1625_aqOff.yuv,191,BTFB-01h12m33s,BTFB-01h12m33s_res2160_mu100000_sigma0_rate100000_aqOn.yuv
260,BASN-00h37m18s_res1080_mu500_sigma100_rate694_aqOn.yuv,190,BASN-00h37m18s,BASN-00h37m18s_res2160_mu100000_sigma0_rate100000_aqOn.yuv
261,AERO-00h13m10s_res1080_mu1200_sigma100_rate1185_aqOn.yuv,189,AERO-00h13m10s,AERO-00h13m10s_res2160_mu100000_sigma0_rate100000_aqOn.yuv
262,CMDY-101-00h10m21s_res2160_mu3000_sigma300_rate2560_aqOn.yuv,166,CMDY-101-00h10m21s,CMDY-101-00h10m21s_res2160_mu100000_sigma0_rate100000_aqOn.yuv
263,HNNA-202_res2160_mu1000_sigma100_rate1003_aqOn.yuv,190,HNNA-202,HNNA-202_res2160_mu100000_sigma0_rate100000_aqOn.yuv
264,MRSM-301_res2160_mu1000_sigma100_rate1127_aqOn.yuv,190,MRSM-301,MRSM-301_res2160_mu100000_sigma0_rate100000_aqOn.yuv
265,EXPA-510-1_res1080_mu5400_sigma300_rate5269_aqOn.yuv,190,EXPA-510-1,EXPA-510-1_res2160_mu100000_sigma0_rate100000_aqOn.yuv
266,COVT-107_res2160_mu1000_sigma100_rate1021_aqOn.yuv,190,COVT-107,COVT-107_res2160_mu100000_sigma0_rate100000_aqOn.yuv
267,HNNA-202_res2160_mu100000_sigma0_rate100000_aqOn.yuv,190,HNNA-202,HNNA-202_res2160_mu100000_sigma0_rate100000_aqOn.yuv
268,CMDY-101-00h10m21s_res1080_mu1200_sigma100_rate1292_aqOn.yuv,166,CMDY-101-00h10m21s,CMDY-101-00h10m21s_res2160_mu100000_sigma0_rate100000_aqOn.yuv
269,Wot_res1080_mu500_sigma100_rate514_aqOn.yuv,190,Wot,Wot_res2160_mu100000_sigma0_rate100000_aqOn.yuv
270,COVT-107_res1080_mu5400_sigma300_rate5513_aqOn.yuv,190,COVT-107,COVT-107_res2160_mu100000_sigma0_rate100000_aqOn.yuv
271,THBY-103_res720_mu1500_sigma300_rate1281_aqOn.yuv,190,THBY-103,THBY-103_res2160_mu100000_sigma0_rate100000_aqOn.yuv
272,EplJuvVsRma-night2_res1080_mu500_sigma100_rate586_aqOn.yuv,198,EplJuvVsRma-night2,EplJuvVsRma-night2_res2160_mu100000_sigma0_rate100000_aqOn.yuv
273,Disney_res2160_mu11200_sigma300_rate11453_aqOn.yuv,190,Disney,Disney_res2160_mu100000_sigma0_rate100000_aqOn.yuv
274,CHMA-101_res2160_mu1000_sigma100_rate1126_aqOn.yuv,190,CHMA-101,CHMA-101_res2160_mu100000_sigma0_rate100000_aqOn.yuv
275,BTFB-01h41m55s_res2160_mu3000_sigma300_rate2798_aqOn.yuv,190,BTFB-01h41m55s,BTFB-01h41m55s_res2160_mu100000_sigma0_rate100000_aqOn.yuv
276,CHMA-302_res2160_mu11200_sigma300_rate11021_aqOn.yuv,198,CHMA-302,CHMA-302_res2160_mu100000_sigma0_rate100000_aqOn.yuv
277,HERO-00h02m40s_res600_mu800_sigma50_rate831_aqOn.yuv,189,HERO-00h02m40s,HERO-00h02m40s_res2160_mu100000_sigma0_rate100000_aqOn.yuv
278,CHEM_res1080_mu1200_sigma100_rate1197_aqOn.yuv,190,CHEM,CHEM_res2160_mu100000_sigma0_rate100000_aqOn.yuv
279,AERO-00h13m10s_res1080_mu5400_sigma300_rate5419_aqOn.yuv,189,AERO-00h13m10s,AERO-00h13m10s_res2160_mu100000_sigma0_rate100000_aqOn.yuv
280,COVT-110_res720_mu1500_sigma300_rate906_aqOn.yuv,190,COVT-110,COVT-110_res2160_mu100000_sigma0_rate100000_aqOn.yuv
281,BTFB-01h12m33s_res600_mu800_sigma50_rate703_aqOff.yuv,191,BTFB-01h12m33s,BTFB-01h12m33s_res2160_mu100000_sigma0_rate100000_aqOn.yuv
282,CHMA-302_res2160_mu100000_sigma0_rate100000_aqOn.yuv,198,CHMA-302,CHMA-302_res2160_mu100000_sigma0_rate100000_aqOn.yuv
283,Wot-2_res720_mu1500_sigma100_rate1329_aqOff.yuv,190,Wot-2,Wot-2_res2160_mu100000_sigma0_rate100000_aqOn.yuv
284,EplLeyVsWre-day_res2160_mu100000_sigma0_rate100000_aqOn.yuv,198,EplLeyVsWre-day,EplLeyVsWre-day_res2160_mu100000_sigma0_rate100000_aqOn.yuv
285,CHEM_res2160_mu1000_sigma100_rate1012_aqOn.yuv,190,CHEM,CHEM_res2160_mu100000_sigma0_rate100000_aqOn.yuv
286,CHMA-101_res600_mu800_sigma200_rate461_aqOn.yuv,190,CHMA-101,CHMA-101_res2160_mu100000_sigma0_rate100000_aqOn.yuv
287,Disney_res600_mu800_sigma50_rate928_aqOn.yuv,190,Disney,Disney_res2160_mu100000_sigma0_rate100000_aqOn.yuv
288,CHMA-101_res2160_mu3000_sigma300_rate3316_aqOn.yuv,190,CHMA-101,CHMA-101_res2160_mu100000_sigma0_rate100000_aqOn.yuv
289,Disney-3_res720_mu1500_sigma300_rate2255_aqOn.yuv,190,Disney-3,Disney-3_res2160_mu100000_sigma0_rate100000_aqOn.yuv
290,JKRY-108_res1080_mu5400_sigma300_rate5128_aqOn.yuv,190,JKRY-108,JKRY-108_res2160_mu100000_sigma0_rate100000_aqOn.yuv
291,COVT-107_res720_mu1500_sigma300_rate1328_aqOn.yuv,190,COVT-107,COVT-107_res2160_mu100000_sigma0_rate100000_aqOn.yuv
292,MOLV-102_res1080_mu1200_sigma100_rate1304_aqOn.yuv,190,MOLV-102,MOLV-102_res2160_mu100000_sigma0_rate100000_aqOn.yuv
293,EXPA-504_res2160_mu3000_sigma300_rate2899_aqOn.yuv,189,EXPA-504,EXPA-504_res2160_mu100000_sigma0_rate100000_aqOn.yuv
294,BTFB-01h41m55s_res2160_mu3000_sigma300_rate2798_aqOff.yuv,190,BTFB-01h41m55s,BTFB-01h41m55s_res2160_mu100000_sigma0_rate100000_aqOn.yuv
295,CHMA-302_res2160_mu1000_sigma100_rate974_aqOn.yuv,198,CHMA-302,CHMA-302_res2160_mu100000_sigma0_rate100000_aqOn.yuv
296,HZLN_res2160_mu1000_sigma100_rate1047_aqOn.yuv,190,HZLN,HZLN_res2160_mu100000_sigma0_rate100000_aqOn.yuv
297,HNNA-102_res2160_mu3000_sigma300_rate2873_aqOn.yuv,190,HNNA-102,HNNA-102_res2160_mu100000_sigma0_rate100000_aqOn.yuv
298,Wot-2_res2160_mu100000_sigma0_rate100000_aqOn.yuv,190,Wot-2,Wot-2_res2160_mu100000_sigma0_rate100000_aqOn.yuv
299,THBY-103_res1080_mu5400_sigma300_rate5135_aqOn.yuv,190,THBY-103,THBY-103_res2160_mu100000_sigma0_rate100000_aqOn.yuv
300,HERO-00h01m57s_res2160_mu100000_sigma0_rate100000_aqOn.yuv,178,HERO-00h01m57s,HERO-00h01m57s_res2160_mu100000_sigma0_rate100000_aqOn.yuv
301,CHMA-101_res2160_mu11200_sigma300_rate10762_aqOn.yuv,190,CHMA-101,CHMA-101_res2160_mu100000_sigma0_rate100000_aqOn.yuv
302,MSPY-2_res2160_mu100000_sigma0_rate100000_aqOn.yuv,189,MSPY-2,MSPY-2_res2160_mu100000_sigma0_rate100000_aqOn.yuv
303,EXPA-504_res2160_mu1000_sigma100_rate1057_aqOn.yuv,189,EXPA-504,EXPA-504_res2160_mu100000_sigma0_rate100000_aqOn.yuv
304,CHEM_res1080_mu500_sigma100_rate772_aqOn.yuv,190,CHEM,CHEM_res2160_mu100000_sigma0_rate100000_aqOn.yuv
305,COVT-110_res1080_mu500_sigma100_rate578_aqOn.yuv,190,COVT-110,COVT-110_res2160_mu100000_sigma0_rate100000_aqOn.yuv
306,Wot-2_res2160_mu3000_sigma300_rate3149_aqOff.yuv,190,Wot-2,Wot-2_res2160_mu100000_sigma0_rate100000_aqOn.yuv
307,CIND-00h13m44s_res600_mu800_sigma50_rate831_aqOn.yuv,190,CIND-00h13m44s,CIND-00h13m44s_res2160_mu100000_sigma0_rate100000_aqOn.yuv
308,EplJuvVsRma-night1_res720_mu1500_sigma300_rate1235_aqOn.yuv,198,EplJuvVsRma-night1,EplJuvVsRma-night1_res2160_mu100000_sigma0_rate100000_aqOn.yuv
309,EXPA-504_res1080_mu1200_sigma100_rate1064_aqOn.yuv,189,EXPA-504,EXPA-504_res2160_mu100000_sigma0_rate100000_aqOn.yuv
310,HZLN_res1080_mu500_sigma100_rate391_aqOn.yuv,190,HZLN,HZLN_res2160_mu100000_sigma0_rate100000_aqOn.yuv
311,Wot_res720_mu1500_sigma300_rate1136_aqOn.yuv,190,Wot,Wot_res2160_mu100000_sigma0_rate100000_aqOn.yuv
312,Wot-2_res600_mu800_sigma50_rate824_aqOff.yuv,190,Wot-2,Wot-2_res2160_mu100000_sigma0_rate100000_aqOn.yuv
313,COVT-107_res2160_mu3000_sigma300_rate2669_aqOn.yuv,190,COVT-107,COVT-107_res2160_mu100000_sigma0_rate100000_aqOn.yuv
314,EXPA-505_res1080_mu1200_sigma100_rate1130_aqOn.yuv,190,EXPA-505,EXPA-505_res2160_mu100000_sigma0_rate100000_aqOn.yuv
315,BTFB-00h33m50s_res2160_mu11200_sigma300_rate11440_aqOn.yuv,158,BTFB-00h33m50s,BTFB-00h33m50s_res2160_mu100000_sigma0_rate100000_aqOn.yuv
316,COVT-107_res1080_mu500_sigma100_rate588_aqOn.yuv,190,COVT-107,COVT-107_res2160_mu100000_sigma0_rate100000_aqOn.yuv
317,HERO-00h02m40s_res2160_mu3000_sigma300_rate3089_aqOff.yuv,189,HERO-00h02m40s,HERO-00h02m40s_res2160_mu100000_sigma0_rate100000_aqOn.yuv
318,CHMA-402_res600_mu800_sigma200_rate557_aqOn.yuv,198,CHMA-402,CHMA-402_res2160_mu100000_sigma0_rate100000_aqOn.yuv
319,EXPA-505_res2160_mu1000_sigma100_rate1114_aqOn.yuv,190,EXPA-505,EXPA-505_res2160_mu100000_sigma0_rate100000_aqOn.yuv
320,HNNA-102_res1080_mu500_sigma100_rate449_aqOn.yuv,190,HNNA-102,HNNA-102_res2160_mu100000_sigma0_rate100000_aqOn.yuv
321,7500-00h15m25s_res720_mu1500_sigma100_rate1511_aqOn.yuv,189,7500-00h15m25s,7500-00h15m25s_res2160_mu100000_sigma0_rate100000_aqOn.yuv
322,Disney-3_res2160_mu3000_sigma300_rate3097_aqOn.yuv,190,Disney-3,Disney-3_res2160_mu100000_sigma0_rate100000_aqOn.yuv
323,BTFB-01h12m33s_res2160_mu11200_sigma300_rate10924_aqOn.yuv,191,BTFB-01h12m33s,BTFB-01h12m33s_res2160_mu100000_sigma0_rate100000_aqOn.yuv
324,HERO-00h01m57s_res2160_mu3000_sigma300_rate3314_aqOn.yuv,178,HERO-00h01m57s,HERO-00h01m57s_res2160_mu100000_sigma0_rate100000_aqOn.yuv
325,BTFB-01h05m40s_res2160_mu3000_sigma300_rate3123_aqOff.yuv,189,BTFB-01h05m40s,BTFB-01h05m40s_res2160_mu100000_sigma0_rate100000_aqOn.yuv
326,EXPA-504_res2160_mu11200_sigma300_rate11055_aqOn.yuv,189,EXPA-504,EXPA-504_res2160_mu100000_sigma0_rate100000_aqOn.yuv
327,MOLV-102_res1080_mu5400_sigma300_rate5504_aqOn.yuv,190,MOLV-102,MOLV-102_res2160_mu100000_sigma0_rate100000_aqOn.yuv
328,HERO-00h02m40s_res2160_mu100000_sigma0_rate100000_aqOn.yuv,189,HERO-00h02m40s,HERO-00h02m40s_res2160_mu100000_sigma0_rate100000_aqOn.yuv
329,AERO-00h13m10s_res600_mu800_sigma50_rate766_aqOn.yuv,189,AERO-00h13m10s,AERO-00h13m10s_res2160_mu100000_sigma0_rate100000_aqOn.yuv
330,Disney_res720_mu1500_sigma100_rate1486_aqOn.yuv,190,Disney,Disney_res2160_mu100000_sigma0_rate100000_aqOn.yuv
331,CMDY-101-00h10m21s_res1080_mu500_sigma100_rate514_aqOn.yuv,166,CMDY-101-00h10m21s,CMDY-101-00h10m21s_res2160_mu100000_sigma0_rate100000_aqOn.yuv
332,EplLeyVsWre-day_res600_mu800_sigma200_rate835_aqOn.yuv,198,EplLeyVsWre-day,EplLeyVsWre-day_res2160_mu100000_sigma0_rate100000_aqOn.yuv
333,CHMA-101_res2160_mu100000_sigma0_rate100000_aqOn.yuv,190,CHMA-101,CHMA-101_res2160_mu100000_sigma0_rate100000_aqOn.yuv
334,CIND-00h13m44s_res2160_mu3000_sigma300_rate2750_aqOff.yuv,190,CIND-00h13m44s,CIND-00h13m44s_res2160_mu100000_sigma0_rate100000_aqOn.yuv
335,HNNA-102_res2160_mu100000_sigma0_rate100000_aqOn.yuv,190,HNNA-102,HNNA-102_res2160_mu100000_sigma0_rate100000_aqOn.yuv
336,BTFB-01h12m33s_res1080_mu1200_sigma100_rate1213_aqOn.yuv,191,BTFB-01h12m33s,BTFB-01h12m33s_res2160_mu100000_sigma0_rate100000_aqOn.yuv
337,Disney-3_res2160_mu1000_sigma100_rate819_aqOn.yuv,190,Disney-3,Disney-3_res2160_mu100000_sigma0_rate100000_aqOn.yuv
338,COVT-110_res600_mu800_sigma200_rate1094_aqOn.yuv,190,COVT-110,COVT-110_res2160_mu100000_sigma0_rate100000_aqOn.yuv
339,CIND-00h13m44s_res720_mu1500_sigma100_rate1568_aqOff.yuv,190,CIND-00h13m44s,CIND-00h13m44s_res2160_mu100000_sigma0_rate100000_aqOn.yuv
340,Disney_res1080_mu5400_sigma300_rate4925_aqOn.yuv,190,Disney,Disney_res2160_mu100000_sigma0_rate100000_aqOn.yuv
341,HNNA-202_res720_mu1500_sigma300_rate1507_aqOn.yuv,190,HNNA-202,HNNA-202_res2160_mu100000_sigma0_rate100000_aqOn.yuv
342,CHMA-313-2_res2160_mu100000_sigma0_rate100000_aqOn.yuv,198,CHMA-313-2,CHMA-313-2_res2160_mu100000_sigma0_rate100000_aqOn.yuv
343,MSPY-2_res2160_mu11200_sigma300_rate11016_aqOn.yuv,189,MSPY-2,MSPY-2_res2160_mu100000_sigma0_rate100000_aqOn.yuv
344,BTFB-00h33m50s_res2160_mu3000_sigma300_rate2862_aqOff.yuv,158,BTFB-00h33m50s,BTFB-00h33m50s_res2160_mu100000_sigma0_rate100000_aqOn.yuv
345,EplLeyVsWre-day_res720_mu1500_sigma300_rate1565_aqOn.yuv,198,EplLeyVsWre-day,EplLeyVsWre-day_res2160_mu100000_sigma0_rate100000_aqOn.yuv
346,HERO-00h01m57s_res2160_mu11200_sigma300_rate11363_aqOn.yuv,178,HERO-00h01m57s,HERO-00h01m57s_res2160_mu100000_sigma0_rate100000_aqOn.yuv
347,MRSM-301_res1080_mu5400_sigma300_rate5519_aqOn.yuv,190,MRSM-301,MRSM-301_res2160_mu100000_sigma0_rate100000_aqOn.yuv
348,JKRY-108_res720_mu1500_sigma300_rate1374_aqOn.yuv,190,JKRY-108,JKRY-108_res2160_mu100000_sigma0_rate100000_aqOn.yuv
349,BTFB-01h05m40s_res1080_mu1200_sigma100_rate1172_aqOn.yuv,190,BTFB-01h05m40s,BTFB-01h05m40s_res2160_mu100000_sigma0_rate100000_aqOn.yuv
350,AERO-00h13m10s_res2160_mu1000_sigma100_rate1006_aqOn.yuv,189,AERO-00h13m10s,AERO-00h13m10s_res2160_mu100000_sigma0_rate100000_aqOn.yuv
351,CIND-00h13m44s_res2160_mu1000_sigma100_rate1011_aqOn.yuv,190,CIND-00h13m44s,CIND-00h13m44s_res2160_mu100000_sigma0_rate100000_aqOn.yuv
352,Wot-2_res1080_mu1200_sigma100_rate1272_aqOn.yuv,190,Wot-2,Wot-2_res2160_mu100000_sigma0_rate100000_aqOn.yuv
353,CHMA-402_res1080_mu500_sigma100_rate498_aqOn.yuv,198,CHMA-402,CHMA-402_res2160_mu100000_sigma0_rate100000_aqOn.yuv
354,CHMA-313-2_res1080_mu500_sigma100_rate638_aqOn.yuv,198,CHMA-313-2,CHMA-313-2_res2160_mu100000_sigma0_rate100000_aqOn.yuv
355,MRSM-301_res2160_mu100000_sigma0_rate100000_aqOn.yuv,190,MRSM-301,MRSM-301_res2160_mu100000_sigma0_rate100000_aqOn.yuv
356,COVT-110_res2160_mu11200_sigma300_rate11920_aqOn.yuv,190,COVT-110,COVT-110_res2160_mu100000_sigma0_rate100000_aqOn.yuv
357,BTFB-01h12m21s_res2160_mu3000_sigma300_rate3219_aqOff.yuv,190,BTFB-01h12m21s,BTFB-01h12m21s_res2160_mu100000_sigma0_rate100000_aqOn.yuv
358,BTFB-01h41m55s_res2160_mu1000_sigma100_rate1051_aqOn.yuv,190,BTFB-01h41m55s,BTFB-01h41m55s_res2160_mu100000_sigma0_rate100000_aqOn.yuv
359,AERO-00h13m10s_res720_mu1500_sigma100_rate1573_aqOff.yuv,189,AERO-00h13m10s,AERO-00h13m10s_res2160_mu100000_sigma0_rate100000_aqOn.yuv
360,EplJuvVsRma-night3_res2160_mu1700_sigma0_rate1700_aqOn.yuv,198,EplJuvVsRma-night3,EplJuvVsRma-night3_res2160_mu100000_sigma0_rate100000_aqOn.yuv
361,THBY-103_res2160_mu100000_sigma0_rate100000_aqOn.yuv,190,THBY-103,THBY-103_res2160_mu100000_sigma0_rate100000_aqOn.yuv
362,EplJuvVsRma-night1_res1080_mu5400_sigma300_rate5567_aqOn.yuv,198,EplJuvVsRma-night1,EplJuvVsRma-night1_res2160_mu100000_sigma0_rate100000_aqOn.yuv
363,EplLeyVsWre-day_res1080_mu5400_sigma300_rate5841_aqOn.yuv,198,EplLeyVsWre-day,EplLeyVsWre-day_res2160_mu100000_sigma0_rate100000_aqOn.yuv
364,CHEM_res1080_mu5400_sigma300_rate4943_aqOn.yuv,190,CHEM,CHEM_res2160_mu100000_sigma0_rate100000_aqOn.yuv
365,BTFB-01h12m21s_res720_mu1500_sigma100_rate1624_aqOn.yuv,190,BTFB-01h12m21s,BTFB-01h12m21s_res2160_mu100000_sigma0_rate100000_aqOn.yuv
366,EXPA-510-1_res1080_mu1200_sigma100_rate1196_aqOn.yuv,190,EXPA-510-1,EXPA-510-1_res2160_mu100000_sigma0_rate100000_aqOn.yuv
367,EplLeyVsWre-day_res2160_mu11200_sigma300_rate11327_aqOn.yuv,198,EplLeyVsWre-day,EplLeyVsWre-day_res2160_mu100000_sigma0_rate100000_aqOn.yuv
368,HERO-00h01m57s_res2160_mu3000_sigma300_rate3314_aqOff.yuv,178,HERO-00h01m57s,HERO-00h01m57s_res2160_mu100000_sigma0_rate100000_aqOn.yuv
369,CHMA-302_res600_mu800_sigma200_rate1053_aqOn.yuv,198,CHMA-302,CHMA-302_res2160_mu100000_sigma0_rate100000_aqOn.yuv
370,MOLV-102_res1080_mu500_sigma100_rate385_aqOn.yuv,190,MOLV-102,MOLV-102_res2160_mu100000_sigma0_rate100000_aqOn.yuv
371,HERO-00h01m57s_res1080_mu5400_sigma300_rate5435_aqOn.yuv,178,HERO-00h01m57s,HERO-00h01m57s_res2160_mu100000_sigma0_rate100000_aqOn.yuv
372,EXPA-504_res720_mu1500_sigma300_rate1819_aqOn.yuv,189,EXPA-504,EXPA-504_res2160_mu100000_sigma0_rate100000_aqOn.yuv
373,HZLN_res2160_mu100000_sigma0_rate100000_aqOn.yuv,190,HZLN,HZLN_res2160_mu100000_sigma0_rate100000_aqOn.yuv
374,CIND-00h13m44s_res600_mu800_sigma50_rate831_aqOff.yuv,190,CIND-00h13m44s,CIND-00h13m44s_res2160_mu100000_sigma0_rate100000_aqOn.yuv
375,BTFB-01h12m21s_res1080_mu500_sigma100_rate269_aqOn.yuv,190,BTFB-01h12m21s,BTFB-01h12m21s_res2160_mu100000_sigma0_rate100000_aqOn.yuv
376,HZLN_res600_mu800_sigma200_rate667_aqOn.yuv,190,HZLN,HZLN_res2160_mu100000_sigma0_rate100000_aqOn.yuv
377,BTFB-01h12m21s_res2160_mu100000_sigma0_rate100000_aqOn.yuv,190,BTFB-01h12m21s,BTFB-01h12m21s_res2160_mu100000_sigma0_rate100000_aqOn.yuv
378,MOLV-102_res2160_mu1000_sigma100_rate1035_aqOn.yuv,190,MOLV-102,MOLV-102_res2160_mu100000_sigma0_rate100000_aqOn.yuv
379,BTFB-01h12m21s_res2160_mu1000_sigma100_rate922_aqOn.yuv,190,BTFB-01h12m21s,BTFB-01h12m21s_res2160_mu100000_sigma0_rate100000_aqOn.yuv
380,BTFB-00h33m50s_res2160_mu1000_sigma100_rate1009_aqOn.yuv,158,BTFB-00h33m50s,BTFB-00h33m50s_res2160_mu100000_sigma0_rate100000_aqOn.yuv
381,EplJuvVsRma-night1_res2160_mu100000_sigma0_rate100000_aqOn.yuv,198,EplJuvVsRma-night1,EplJuvVsRma-night1_res2160_mu100000_sigma0_rate100000_aqOn.yuv
382,MSPY-2_res1080_mu500_sigma100_rate614_aqOn.yuv,189,MSPY-2,MSPY-2_res2160_mu100000_sigma0_rate100000_aqOn.yuv
383,EplJuvVsRma-night1_res1080_mu500_sigma100_rate534_aqOn.yuv,198,EplJuvVsRma-night1,EplJuvVsRma-night1_res2160_mu100000_sigma0_rate100000_aqOn.yuv
384,MSPY-2_res720_mu1500_sigma300_rate1778_aqOn.yuv,189,MSPY-2,MSPY-2_res2160_mu100000_sigma0_rate100000_aqOn.yuv
385,CHMA-302_res2160_mu3000_sigma300_rate3401_aqOn.yuv,198,CHMA-302,CHMA-302_res2160_mu100000_sigma0_rate100000_aqOn.yuv
386,CIND-00h13m44s_res2160_mu3000_sigma300_rate2750_aqOn.yuv,190,CIND-00h13m44s,CIND-00h13m44s_res2160_mu100000_sigma0_rate100000_aqOn.yuv
387,CHEM_res600_mu800_sigma200_rate630_aqOn.yuv,190,CHEM,CHEM_res2160_mu100000_sigma0_rate100000_aqOn.yuv
388,BTFB-01h12m21s_res1080_mu1200_sigma100_rate1238_aqOff.yuv,190,BTFB-01h12m21s,BTFB-01h12m21s_res2160_mu100000_sigma0_rate100000_aqOn.yuv
389,BTFB-01h41m55s_res1080_mu5400_sigma300_rate5685_aqOn.yuv,190,BTFB-01h41m55s,BTFB-01h41m55s_res2160_mu100000_sigma0_rate100000_aqOn.yuv
390,CHMA-101_res1080_mu1200_sigma100_rate1219_aqOn.yuv,190,CHMA-101,CHMA-101_res2160_mu100000_sigma0_rate100000_aqOn.yuv
391,HERO-00h01m57s_res1080_mu1200_sigma100_rate1171_aqOn.yuv,178,HERO-00h01m57s,HERO-00h01m57s_res2160_mu100000_sigma0_rate100000_aqOn.yuv
392,BTFB-01h41m55s_res1080_mu1200_sigma100_rate1459_aqOn.yuv,190,BTFB-01h41m55s,BTFB-01h41m55s_res2160_mu100000_sigma0_rate100000_aqOn.yuv
393,BTFB-00h33m50s_res600_mu800_sigma50_rate884_aqOff.yuv,158,BTFB-00h33m50s,BTFB-00h33m50s_res2160_mu100000_sigma0_rate100000_aqOn.yuv
394,MRSM-301_res720_mu1500_sigma300_rate1542_aqOn.yuv,190,MRSM-301,MRSM-301_res2160_mu100000_sigma0_rate100000_aqOn.yuv
395,CHMA-402_res720_mu1500_sigma300_rate1248_aqOn.yuv,198,CHMA-402,CHMA-402_res2160_mu100000_sigma0_rate100000_aqOn.yuv
396,BTFB-01h05m40s_res600_mu800_sigma50_rate779_aqOn.yuv,190,BTFB-01h05m40s,BTFB-01h05m40s_res2160_mu100000_sigma0_rate100000_aqOn.yuv
397,MSPY-2_res600_mu800_sigma200_rate839_aqOn.yuv,189,MSPY-2,MSPY-2_res2160_mu100000_sigma0_rate100000_aqOn.yuv
398,BTFB-01h12m33s_res1080_mu500_sigma100_rate541_aqOn.yuv,191,BTFB-01h12m33s,BTFB-01h12m33s_res2160_mu100000_sigma0_rate100000_aqOn.yuv
399,HZLN_res2160_mu11200_sigma300_rate11150_aqOn.yuv,190,HZLN,HZLN_res2160_mu100000_sigma0_rate100000_aqOn.yuv
